images,names
[219 218 219 ...  26  26  26],chinmayee
[219 218 219 ...  26  26  26],chinmayee
[207 207 208 ...  24  24  24],chinmayee
[207 207 208 ...  24  24  24],chinmayee
[209 213 215 ...  20  20  20],chinmayee
[209 213 215 ...  20  20  20],chinmayee
[216 216 216 ...  20  20  20],chinmayee
[216 216 216 ...  20  20  20],chinmayee
[216 217 217 ...  20  20  20],chinmayee
[216 217 217 ...  20  20  20],chinmayee
[210 208 205 ...  20  20  20],chinmayee
[210 208 205 ...  20  20  20],chinmayee
[215 211 210 ...  23  23  22],chinmayee
[215 211 210 ...  23  23  22],chinmayee
[220 220 220 ...  22  21  22],chinmayee
[220 220 220 ...  22  21  22],chinmayee
[218 218 218 ...  22  22  22],chinmayee
[218 218 218 ...  22  22  22],chinmayee
[208 209 211 ...  22  21  21],chinmayee
[208 209 211 ...  22  21  21],chinmayee
[219 219 220 ...  20  20  20],chinmayee
[219 219 220 ...  20  20  20],chinmayee
[220 219 220 ...  20  20  20],chinmayee
[220 219 220 ...  20  20  20],chinmayee
[205 204 204 ...  20  20  20],chinmayee
[205 204 204 ...  20  20  20],chinmayee
[220 220 220 ...  20  20  20],chinmayee
[220 220 220 ...  20  20  20],chinmayee
[218 220 220 ...  22  21  22],chinmayee
[218 220 220 ...  22  21  22],chinmayee
[220 220 221 ...  20  20  20],chinmayee
[220 220 221 ...  20  20  20],chinmayee
[220 219 220 ...  22  21  22],chinmayee
[220 219 220 ...  22  21  22],chinmayee
[212 209 217 ...  22  22  22],chinmayee
[212 209 217 ...  22  22  22],chinmayee
[218 219 215 ...  22  21  20],chinmayee
[218 219 215 ...  22  21  20],chinmayee
[220 220 219 ...  20  20  20],chinmayee
[220 220 219 ...  20  20  20],chinmayee
[214 212 209 ...  21  22  19],chinmayee
[214 212 209 ...  21  22  19],chinmayee
[218 214 213 ...  20  20  21],chinmayee
[218 214 213 ...  20  20  21],chinmayee
[217 218 210 ...  22  22  22],chinmayee
[217 218 210 ...  22  22  22],chinmayee
[198 198 201 ...  20  20  20],chinmayee
[198 198 201 ...  20  20  20],chinmayee
[208 208 208 ...  22  22  22],chinmayee
[208 208 208 ...  22  22  22],chinmayee
[213 211 211 ...  20  20  20],chinmayee
[213 211 211 ...  20  20  20],chinmayee
[214 210 208 ...  20  20  21],chinmayee
[214 210 208 ...  20  20  21],chinmayee
[211 212 211 ...  20  20  20],chinmayee
[211 212 211 ...  20  20  20],chinmayee
[220 214 212 ...  20  20  20],chinmayee
[220 214 212 ...  20  20  20],chinmayee
[219 210 210 ...  20  20  20],chinmayee
[219 210 210 ...  20  20  20],chinmayee
[208 209 210 ...  22  22  26],chinmayee
[208 209 210 ...  22  22  26],chinmayee
[209 209 210 ...  22  24  25],chinmayee
[209 209 210 ...  22  24  25],chinmayee
[219 215 215 ...  20  20  20],chinmayee
[219 215 215 ...  20  20  20],chinmayee
[221 218 216 ...  20  20  20],chinmayee
[221 218 216 ...  20  20  20],chinmayee
[204 203 201 ...  20  20  20],chinmayee
[204 203 201 ...  20  20  20],chinmayee
[216 211 210 ...  20  20  20],chinmayee
[216 211 210 ...  20  20  20],chinmayee
[213 210 208 ...  20  22  22],chinmayee
[213 210 208 ...  20  22  22],chinmayee
[209 209 210 ...  20  20  20],chinmayee
[209 209 210 ...  20  20  20],chinmayee
[220 220 219 ...  19  19  20],chinmayee
[220 220 219 ...  19  19  20],chinmayee
[220 220 224 ...  20  20  19],chinmayee
[220 220 224 ...  20  20  19],chinmayee
[222 221 222 ...  20  20  20],chinmayee
[222 221 222 ...  20  20  20],chinmayee
[216 218 222 ...  20  20  21],chinmayee
[216 218 222 ...  20  20  21],chinmayee
[217 217 223 ...  22  22  22],chinmayee
[217 217 223 ...  22  22  22],chinmayee
[224 223 222 ...  24  24  24],chinmayee
[224 223 222 ...  24  24  24],chinmayee
[200 198 200 ...  20  20  20],chinmayee
[200 198 200 ...  20  20  20],chinmayee
[217 217 216 ...  26  26  29],chinmayee
[217 217 216 ...  26  26  29],chinmayee
[214 214 214 ...  22  22  22],chinmayee
[214 214 214 ...  22  22  22],chinmayee
[212 212 212 ...  21  21  22],chinmayee
[212 212 212 ...  21  21  22],chinmayee
[212 212 212 ...  24  24  24],chinmayee
[212 212 212 ...  24  24  24],chinmayee
[210 210 210 ...  22  22  21],chinmayee
[210 210 210 ...  22  22  21],chinmayee
[210 210 210 ...  22  22  22],chinmayee
[210 210 210 ...  22  22  22],chinmayee
[210 210 210 ...  22  22  22],chinmayee
[210 210 210 ...  22  22  22],chinmayee
[214 214 214 ...  22  22  22],chinmayee
[214 214 214 ...  22  22  22],chinmayee
[196 199 200 ...  20  20  20],chinmayee
[196 199 200 ...  20  20  20],chinmayee
[216 216 216 ...  22  22  24],chinmayee
[216 216 216 ...  22  22  24],chinmayee
[216 216 216 ...  24  22  20],chinmayee
[216 216 216 ...  24  22  20],chinmayee
[216 216 216 ...  25  22  22],chinmayee
[216 216 216 ...  25  22  22],chinmayee
[215 216 216 ...  23  21  21],chinmayee
[215 216 216 ...  23  21  21],chinmayee
[216 216 216 ...  22  22  22],chinmayee
[216 216 216 ...  22  22  22],chinmayee
[216 216 216 ...  22  22  22],chinmayee
[216 216 216 ...  22  22  22],chinmayee
[217 216 214 ...  22  22  22],chinmayee
[217 216 214 ...  22  22  22],chinmayee
[216 216 215 ...  22  22  22],chinmayee
[216 216 215 ...  22  22  22],chinmayee
[216 216 216 ...  20  20  22],chinmayee
[216 216 216 ...  20  20  22],chinmayee
[214 214 214 ...  21  22  22],chinmayee
[214 214 214 ...  21  22  22],chinmayee
[200 201 199 ...  20  20  20],chinmayee
[200 201 199 ...  20  20  20],chinmayee
[214 214 214 ...  24  24  24],chinmayee
[214 214 214 ...  24  24  24],chinmayee
[214 214 214 ...  22  22  22],chinmayee
[214 214 214 ...  22  22  22],chinmayee
[212 212 212 ...  23  22  21],chinmayee
[212 212 212 ...  23  22  21],chinmayee
[212 211 209 ...  23  24  24],chinmayee
[212 211 209 ...  23  24  24],chinmayee
[212 211 212 ...  21  22  22],chinmayee
[212 211 212 ...  21  22  22],chinmayee
[212 212 212 ...  18  22  22],chinmayee
[212 212 212 ...  18  22  22],chinmayee
[210 211 214 ...  21  18  20],chinmayee
[210 211 214 ...  21  18  20],chinmayee
[205 204 206 ...  20  20  20],chinmayee
[205 204 206 ...  20  20  20],chinmayee
[202 204 204 ...  19  18  19],chinmayee
[202 204 204 ...  19  18  19],chinmayee
[204 204 204 ...  20  17  20],chinmayee
[204 204 204 ...  20  17  20],chinmayee
[204 204 204 ...  20  20  20],chinmayee
[204 204 204 ...  20  20  20],chinmayee
[204 204 202 ...  20  19  19],chinmayee
[204 204 202 ...  20  19  19],chinmayee
[202 202 203 ...  20  20  20],chinmayee
[202 202 203 ...  20  20  20],chinmayee
[204 204 204 ...  20  21  18],chinmayee
[204 204 204 ...  20  21  18],chinmayee
[202 203 204 ...  25  24  17],chinmayee
[202 203 204 ...  25  24  17],chinmayee
[206 205 204 ...  21  20  16],chinmayee
[206 205 204 ...  21  20  16],chinmayee
[204 204 204 ...  21  16  18],chinmayee
[204 204 204 ...  21  16  18],chinmayee
[204 207 206 ...  20  19  17],chinmayee
[204 207 206 ...  20  19  17],chinmayee
[205 203 204 ...  20  15  18],chinmayee
[205 203 204 ...  20  15  18],chinmayee
[206 205 209 ...  19  20  21],chinmayee
[206 205 209 ...  19  20  21],chinmayee
[206 206 206 ...  21  21  20],chinmayee
[206 206 206 ...  21  21  20],chinmayee
[203 205 205 ...  21  20  20],chinmayee
[203 205 205 ...  21  20  20],chinmayee
[206 206 207 ...  18  18  18],chinmayee
[206 206 207 ...  18  18  18],chinmayee
[204 205 203 ...  18  18  19],chinmayee
[204 205 203 ...  18  18  19],chinmayee
[204 206 206 ...  20  20  20],chinmayee
[204 206 206 ...  20  20  20],chinmayee
[208 205 205 ...  18  19  19],chinmayee
[208 205 205 ...  18  19  19],chinmayee
[204 204 204 ...  19  20  20],chinmayee
[204 204 204 ...  19  20  20],chinmayee
[206 206 206 ...  20  18  18],chinmayee
[206 206 206 ...  20  18  18],chinmayee
[204 205 205 ...  20  19  18],chinmayee
[204 205 205 ...  20  19  18],chinmayee
[205 207 206 ...  18  19  19],chinmayee
[205 207 206 ...  18  19  19],chinmayee
[205 207 208 ...  18  18  18],chinmayee
[205 207 208 ...  18  18  18],chinmayee
[206 204 204 ... 128 129 128],lopamudra
[206 204 204 ... 128 129 128],lopamudra
[188 188 188 ... 117 120 117],lopamudra
[188 188 188 ... 117 120 117],lopamudra
[188 188 188 ... 114 116 116],lopamudra
[188 188 188 ... 114 116 116],lopamudra
[188 188 188 ... 118 115 114],lopamudra
[188 188 188 ... 118 115 114],lopamudra
[189 193 190 ... 120 120 120],lopamudra
[189 193 190 ... 120 120 120],lopamudra
[192 192 192 ... 116 117 118],lopamudra
[192 192 192 ... 116 117 118],lopamudra
[192 193 194 ... 119 120 120],lopamudra
[192 193 194 ... 119 120 120],lopamudra
[194 194 194 ... 123 124 122],lopamudra
[194 194 194 ... 123 124 122],lopamudra
[194 194 194 ... 122 124 124],lopamudra
[194 194 194 ... 122 124 124],lopamudra
[196 197 196 ... 121 122 122],lopamudra
[196 197 196 ... 121 122 122],lopamudra
[196 196 196 ... 128 126 126],lopamudra
[196 196 196 ... 128 126 126],lopamudra
[198 198 198 ... 120 120 120],lopamudra
[198 198 198 ... 120 120 120],lopamudra
[196 196 196 ... 123 124 126],lopamudra
[196 196 196 ... 123 124 126],lopamudra
[196 196 196 ... 123 123 124],lopamudra
[196 196 196 ... 123 123 124],lopamudra
[196 196 196 ... 116 118 119],lopamudra
[196 196 196 ... 116 118 119],lopamudra
[196 195 197 ... 123 124 126],lopamudra
[196 195 197 ... 123 124 126],lopamudra
[195 197 198 ... 125 124 127],lopamudra
[195 197 198 ... 125 124 127],lopamudra
[196 196 196 ... 120 122 125],lopamudra
[196 196 196 ... 120 122 125],lopamudra
[196 197 198 ... 122 122 122],lopamudra
[196 197 198 ... 122 122 122],lopamudra
[196 199 198 ... 122 125 126],lopamudra
[196 199 198 ... 122 125 126],lopamudra
[196 196 196 ... 125 123 120],lopamudra
[196 196 196 ... 125 123 120],lopamudra
[196 196 197 ... 120 122 123],lopamudra
[196 196 197 ... 120 122 123],lopamudra
[194 193 194 ... 118 117 119],lopamudra
[194 193 194 ... 118 117 119],lopamudra
[196 196 196 ... 124 124 126],lopamudra
[196 196 196 ... 124 124 126],lopamudra
[198 198 198 ... 120 122 123],lopamudra
[198 198 198 ... 120 122 123],lopamudra
[194 196 198 ... 120 119 115],lopamudra
[194 196 198 ... 120 119 115],lopamudra
[196 196 196 ... 125 126 122],lopamudra
[196 196 196 ... 125 126 122],lopamudra
[196 196 196 ... 124 122 122],lopamudra
[196 196 196 ... 124 122 122],lopamudra
[196 196 198 ... 111 119 122],lopamudra
[196 196 198 ... 111 119 122],lopamudra
[198 197 196 ... 121 122 122],lopamudra
[198 197 196 ... 121 122 122],lopamudra
[198 198 198 ... 115 114 113],lopamudra
[198 198 198 ... 115 114 113],lopamudra
[198 198 198 ... 116 118 120],lopamudra
[198 198 198 ... 116 118 120],lopamudra
[197 199 197 ... 116 119 124],lopamudra
[197 199 197 ... 116 119 124],lopamudra
[190 190 190 ... 114 116 117],lopamudra
[190 190 190 ... 114 116 117],lopamudra
[200 200 200 ... 124 126 126],lopamudra
[200 200 200 ... 124 126 126],lopamudra
[200 200 200 ... 129 123 121],lopamudra
[200 200 200 ... 129 123 121],lopamudra
[202 200 199 ... 110 117 117],lopamudra
[202 200 199 ... 110 117 117],lopamudra
[200 201 200 ... 121 123 125],lopamudra
[200 201 200 ... 121 123 125],lopamudra
[198 199 198 ... 121 124 128],lopamudra
[198 199 198 ... 121 124 128],lopamudra
[200 200 199 ... 134 128 124],lopamudra
[200 200 199 ... 134 128 124],lopamudra
[200 200 200 ... 114 112 115],lopamudra
[200 200 200 ... 114 112 115],lopamudra
[200 199 200 ... 114 113 115],lopamudra
[200 199 200 ... 114 113 115],lopamudra
[198 198 198 ... 128 128 128],lopamudra
[198 198 198 ... 128 128 128],lopamudra
[203 204 203 ... 117 123 121],lopamudra
[203 204 203 ... 117 123 121],lopamudra
[187 183 187 ... 113 109 112],lopamudra
[187 183 187 ... 113 109 112],lopamudra
[201 199 199 ... 131 130 129],lopamudra
[201 199 199 ... 131 130 129],lopamudra
[202 202 200 ... 130 128 126],lopamudra
[202 202 200 ... 130 128 126],lopamudra
[202 200 200 ... 128 124 132],lopamudra
[202 200 200 ... 128 124 132],lopamudra
[202 202 201 ... 130 128 128],lopamudra
[202 202 201 ... 130 128 128],lopamudra
[204 204 204 ... 127 127 127],lopamudra
[204 204 204 ... 127 127 127],lopamudra
[204 204 204 ... 110 116 119],lopamudra
[204 204 204 ... 110 116 119],lopamudra
[202 202 202 ... 129 130 128],lopamudra
[202 202 202 ... 129 130 128],lopamudra
[202 201 200 ... 126 126 126],lopamudra
[202 201 200 ... 126 126 126],lopamudra
[202 202 202 ... 124 126 124],lopamudra
[202 202 202 ... 124 126 124],lopamudra
[201 201 200 ... 130 124 130],lopamudra
[201 201 200 ... 130 124 130],lopamudra
[188 188 188 ... 115 118 119],lopamudra
[188 188 188 ... 115 118 119],lopamudra
[202 202 202 ... 119 125 126],lopamudra
[202 202 202 ... 119 125 126],lopamudra
[202 202 202 ... 122 122 124],lopamudra
[202 202 202 ... 122 122 124],lopamudra
[200 201 203 ... 124 124 121],lopamudra
[200 201 203 ... 124 124 121],lopamudra
[204 200 202 ... 126 126 126],lopamudra
[204 200 202 ... 126 126 126],lopamudra
[202 202 202 ... 126 126 126],lopamudra
[202 202 202 ... 126 126 126],lopamudra
[202 202 202 ... 126 125 126],lopamudra
[202 202 202 ... 126 125 126],lopamudra
[202 202 202 ... 122 128 126],lopamudra
[202 202 202 ... 122 128 126],lopamudra
[200 200 200 ... 123 122 125],lopamudra
[200 200 200 ... 123 122 125],lopamudra
[202 202 202 ... 125 124 124],lopamudra
[202 202 202 ... 125 124 124],lopamudra
[203 201 202 ... 122 123 125],lopamudra
[203 201 202 ... 122 123 125],lopamudra
[188 188 188 ... 116 114 115],lopamudra
[188 188 188 ... 116 114 115],lopamudra
[202 204 201 ... 124 125 127],lopamudra
[202 204 201 ... 124 125 127],lopamudra
[204 202 205 ... 124 124 124],lopamudra
[204 202 205 ... 124 124 124],lopamudra
[202 202 202 ... 123 124 125],lopamudra
[202 202 202 ... 123 124 125],lopamudra
[200 205 205 ... 128 126 124],lopamudra
[200 205 205 ... 128 126 124],lopamudra
[202 202 202 ... 122 120 122],lopamudra
[202 202 202 ... 122 120 122],lopamudra
[202 202 201 ... 127 128 128],lopamudra
[202 202 201 ... 127 128 128],lopamudra
[202 202 202 ... 126 128 129],lopamudra
[202 202 202 ... 126 128 129],lopamudra
[203 201 200 ... 123 122 126],lopamudra
[203 201 200 ... 123 122 126],lopamudra
[202 202 202 ... 124 124 122],lopamudra
[202 202 202 ... 124 124 122],lopamudra
[202 204 204 ... 124 123 125],lopamudra
[202 204 204 ... 124 123 125],lopamudra
[190 190 188 ... 113 112 111],lopamudra
[190 190 188 ... 113 112 111],lopamudra
[202 204 199 ... 127 128 129],lopamudra
[202 204 199 ... 127 128 129],lopamudra
[202 202 202 ... 126 124 126],lopamudra
[202 202 202 ... 126 124 126],lopamudra
[202 202 202 ... 120 124 126],lopamudra
[202 202 202 ... 120 124 126],lopamudra
[201 202 204 ... 126 126 127],lopamudra
[201 202 204 ... 126 126 127],lopamudra
[200 201 202 ... 127 124 124],lopamudra
[200 201 202 ... 127 124 124],lopamudra
[204 201 200 ... 123 125 126],lopamudra
[204 201 200 ... 123 125 126],lopamudra
[204 203 202 ... 123 126 124],lopamudra
[204 203 202 ... 123 126 124],lopamudra
[202 202 201 ... 123 123 123],lopamudra
[202 202 201 ... 123 123 123],lopamudra
[201 204 203 ... 127 124 123],lopamudra
[201 204 203 ... 127 124 123],lopamudra
[204 203 202 ... 124 126 129],lopamudra
[204 203 202 ... 124 126 129],lopamudra
[188 188 188 ... 115 117 117],lopamudra
[188 188 188 ... 115 117 117],lopamudra
[202 202 202 ... 120 122 126],lopamudra
[202 202 202 ... 120 122 126],lopamudra
[205 204 204 ... 126 126 126],lopamudra
[205 204 204 ... 126 126 126],lopamudra
[202 202 202 ... 121 129 128],lopamudra
[202 202 202 ... 121 129 128],lopamudra
[202 204 204 ... 127 128 129],lopamudra
[202 204 204 ... 127 128 129],lopamudra
[202 203 204 ... 124 126 125],lopamudra
[202 203 204 ... 124 126 125],lopamudra
[202 202 202 ... 128 132 125],lopamudra
[202 202 202 ... 128 132 125],lopamudra
[202 201 202 ... 125 126 125],lopamudra
[202 201 202 ... 125 126 125],lopamudra
[201 203 202 ... 128 126 130],lopamudra
[201 203 202 ... 128 126 130],lopamudra
[199 203 206 ... 123 127 124],lopamudra
[199 203 206 ... 123 127 124],lopamudra
[199 199 200 ... 123 126 126],lopamudra
[199 199 200 ... 123 126 126],lopamudra
[140 145 150 ...  76  79  88],sai
[140 145 150 ...  76  79  88],sai
[232 195 152 ...  84  77  93],sai
[232 195 152 ...  84  77  93],sai
[224 219 221 ...  98  82  81],sai
[224 219 221 ...  98  82  81],sai
[170 149 244 ...  89  96  81],sai
[170 149 244 ...  89  96  81],sai
[136 140 138 ...  73  65  71],sai
[136 140 138 ...  73  65  71],sai
[221 184 145 ...  71  73  74],sai
[221 184 145 ...  71  73  74],sai
[126 125 120 ...  45  72  64],sai
[126 125 120 ...  45  72  64],sai
[123 125 127 ...  60  81  79],sai
[123 125 127 ...  60  81  79],sai
[126 123 126 ...  69  87  70],sai
[126 123 126 ...  69  87  70],sai
[119 119 119 ...  82  83  81],sai
[119 119 119 ...  82  83  81],sai
[138 154 217 ...  77  79  82],sai
[138 154 217 ...  77  79  82],sai
[165 124 207 ...  83  76  82],sai
[165 124 207 ...  83  76  82],sai
[206 205 204 ...  88  63  72],sai
[206 205 204 ...  88  63  72],sai
[205 201 206 ...  91  90  91],sai
[205 201 206 ...  91  90  91],sai
[202 204 200 ...  97  91  91],sai
[202 204 200 ...  97  91  91],sai
[202 202 203 ...  89  71  98],sai
[202 202 203 ...  89  71  98],sai
[203 201 202 ...  86  79  73],sai
[203 201 202 ...  86  79  73],sai
[176 214 211 ...  84  80  93],sai
[176 214 211 ...  84  80  93],sai
[204 204 205 ...  91  94  90],sai
[204 204 205 ...  91  94  90],sai
[207 198 206 ...  78  89  91],sai
[207 198 206 ...  78  89  91],sai
[201 203 204 ...  47  35  35],sai
[201 203 204 ...  47  35  35],sai
[218 164 214 ...  86  88  97],sai
[218 164 214 ...  86  88  97],sai
[123 185 159 ...  82  79  88],sai
[123 185 159 ...  82  79  88],sai
[119 122 122 ...  35  42  57],sai
[119 122 122 ...  35  42  57],sai
[119 121 120 ...  44  33  55],sai
[119 121 120 ...  44  33  55],sai
[121 127 135 ...  57  71  89],sai
[121 127 135 ...  57  71  89],sai
[139 154 130 ...  76  62  77],sai
[139 154 130 ...  76  62  77],sai
[136 152 149 ...  69  70  80],sai
[136 152 149 ...  69  70  80],sai
[158 155 139 ...  68  89  78],sai
[158 155 139 ...  68  89  78],sai
[216 219 218 ... 102  85  85],sai
[216 219 218 ... 102  85  85],sai
[124 123 122 ...  79  66  81],sai
[124 123 122 ...  79  66  81],sai
[128 134 131 ...  72  76  62],sai
[128 134 131 ...  72  76  62],sai
[122 130 139 ... 101  76  85],sai
[122 130 139 ... 101  76  85],sai
[123 120 122 ...  83  75  88],sai
[123 120 122 ...  83  75  88],sai
[126 125 123 ...  75  78  81],sai
[126 125 123 ...  75  78  81],sai
[123 119 126 ...  64  70  75],sai
[123 119 126 ...  64  70  75],sai
[135 126 140 ...  86  70  65],sai
[135 126 140 ...  86  70  65],sai
[126 130 134 ...  89  77  73],sai
[126 130 134 ...  89  77  73],sai
[124 123 123 ...  59 102  64],sai
[124 123 123 ...  59 102  64],sai
[125 125 125 ...  55  74  94],sai
[125 125 125 ...  55  74  94],sai
[134 132 132 ...  48  54  63],sai
[134 132 132 ...  48  54  63],sai
[122 124 125 ...  70  68  64],sai
[122 124 125 ...  70  68  64],sai
[129 131 130 ...  66  58  53],sai
[129 131 130 ...  66  58  53],sai
[100  99  99 ...  61  33  30],sai
[100  99  99 ...  61  33  30],sai
[118 118 121 ...  73  64  75],sai
[118 118 121 ...  73  64  75],sai
[104 104 103 ...  45  52  62],sai
[104 104 103 ...  45  52  62],sai
[121 124 124 ...  57  68  62],sai
[121 124 124 ...  57  68  62],sai
[123 122 122 ...  86  74  44],sai
[123 122 122 ...  86  74  44],sai
[122 122 121 ...  69  77  76],sai
[122 122 121 ...  69  77  76],sai
[122 121 121 ...  94  81  82],sai
[122 121 121 ...  94  81  82],sai
[218 218 218 ...  90  87  82],sai
[218 218 218 ...  90  87  82],sai
[125 125 125 ...  91  77  50],sai
[125 125 125 ...  91  77  50],sai
[206 211 214 ...  91  87  88],sai
[206 211 214 ...  91  87  88],sai
[203 206 203 ...  92  83  83],sai
[203 206 203 ...  92  83  83],sai
[212 212 213 ...  93  83  81],sai
[212 212 213 ...  93  83  81],sai
[209 214 211 ...  61  66  74],sai
[209 214 211 ...  61  66  74],sai
[208 212 212 ...  74  60  68],sai
[208 212 212 ...  74  60  68],sai
[208 210 211 ...  62  57  57],sai
[208 210 211 ...  62  57  57],sai
[209 210 210 ...  61  69  84],sai
[209 210 210 ...  61  69  84],sai
[219 215 213 ...  84  82  79],sai
[219 215 213 ...  84  82  79],sai
[218 218 217 ...  89  95  91],sai
[218 218 217 ...  89  95  91],sai
[218 218 218 ...  86  84  84],sai
[218 218 218 ...  86  84  84],sai
[216 213 216 ...  95 103  97],sai
[216 213 216 ...  95 103  97],sai
[207 207 207 ...  99  88  72],sai
[207 207 207 ...  99  88  72],sai
[210 211 212 ... 104  91  87],sai
[210 211 212 ... 104  91  87],sai
[210 210 210 ... 100  94  75],sai
[210 210 210 ... 100  94  75],sai
[210 210 210 ...  82  81  95],sai
[210 210 210 ...  82  81  95],sai
[213 213 211 ...  86  93  92],sai
[213 213 211 ...  86  93  92],sai
[213 212 208 ... 107  87  89],sai
[213 212 208 ... 107  87  89],sai
[218 216 216 ...  88 104  79],sai
[218 216 216 ...  88 104  79],sai
[218 218 216 ...  88  87  71],sai
[218 218 216 ...  88  87  71],sai
[217 215 215 ...  97 119  91],sai
[217 215 215 ...  97 119  91],sai
[218 218 217 ...  97 112  92],sai
[218 218 217 ...  97 112  92],sai
[213 213 213 ...  88  98  84],sai
[213 213 213 ...  88  98  84],sai
[214 214 215 ... 102 114 116],sai
[214 214 215 ... 102 114 116],sai
[218 217 216 ...  64  86  74],sai
[218 217 216 ...  64  86  74],sai
[216 218 216 ...  74  80  86],sai
[216 218 216 ...  74  80  86],sai
[211 212 217 ...  66  66  83],sai
[211 212 217 ...  66  66  83],sai
[211 211 211 ...  88  88  91],sai
[211 211 211 ...  88  88  91],sai
[213 215 216 ...  67  98  91],sai
[213 215 216 ...  67  98  91],sai
[211 209 210 ...  94  86  74],sai
[211 209 210 ...  94  86  74],sai
[236 236 236 ...  34  34  35],sambit
[236 236 236 ...  34  34  35],sambit
[218 218 217 ...  22  24  27],sambit
[218 218 217 ...  22  24  27],sambit
[222 220 222 ...  30  30  30],sambit
[222 220 222 ...  30  30  30],sambit
[239 238 239 ...  31  30  30],sambit
[239 238 239 ...  31  30  30],sambit
[228 227 228 ...  31  30  31],sambit
[228 227 228 ...  31  30  31],sambit
[231 231 230 ...  32  29  29],sambit
[231 231 230 ...  32  29  29],sambit
[232 234 232 ...  30  29  31],sambit
[232 234 232 ...  30  29  31],sambit
[230 230 230 ...  30  30  30],sambit
[230 230 230 ...  30  30  30],sambit
[233 232 230 ...  25  34  39],sambit
[233 232 230 ...  25  34  39],sambit
[230 230 230 ...  30  29  30],sambit
[230 230 230 ...  30  29  30],sambit
[230 230 229 ...  32  31  31],sambit
[230 230 229 ...  32  31  31],sambit
[230 230 230 ...  37  39  35],sambit
[230 230 230 ...  37  39  35],sambit
[227 227 227 ...  29  31  32],sambit
[227 227 227 ...  29  31  32],sambit
[230 230 230 ...  31  32  29],sambit
[230 230 230 ...  31  32  29],sambit
[230 230 230 ...  31  31  29],sambit
[230 230 230 ...  31  31  29],sambit
[231 231 231 ...  25  39  36],sambit
[231 231 231 ...  25  39  36],sambit
[232 233 232 ...  29  37  36],sambit
[232 233 232 ...  29  37  36],sambit
[230 230 231 ...  28  33  35],sambit
[230 230 231 ...  28  33  35],sambit
[230 233 231 ...  28  28  28],sambit
[230 233 231 ...  28  28  28],sambit
[230 230 230 ...  29  30  30],sambit
[230 230 230 ...  29  30  30],sambit
[228 228 228 ...  35  35  30],sambit
[228 228 228 ...  35  35  30],sambit
[227 227 227 ...  37  30  30],sambit
[227 227 227 ...  37  30  30],sambit
[227 227 227 ...  30  28  28],sambit
[227 227 227 ...  30  28  28],sambit
[227 227 226 ...  29  30  31],sambit
[227 227 226 ...  29  30  31],sambit
[225 225 226 ...  32  33  38],sambit
[225 225 226 ...  32  33  38],sambit
[228 226 226 ...  28  27  29],sambit
[228 226 226 ...  28  27  29],sambit
[229 229 228 ...  33  32  30],sambit
[229 229 228 ...  33  32  30],sambit
[228 228 227 ...  30  30  30],sambit
[228 228 227 ...  30  30  30],sambit
[228 228 228 ...  29  30  30],sambit
[228 228 228 ...  29  30  30],sambit
[227 225 225 ...  32  31  32],sambit
[227 225 225 ...  32  31  32],sambit
[231 232 228 ...  28  28  28],sambit
[231 232 228 ...  28  28  28],sambit
[218 218 219 ...  28  28  28],sambit
[218 218 219 ...  28  28  28],sambit
[216 216 218 ...  32  28  28],sambit
[216 216 218 ...  32  28  28],sambit
[218 218 218 ...  31  33  32],sambit
[218 218 218 ...  31  33  32],sambit
[228 228 228 ...  28  37  36],sambit
[228 228 228 ...  28  37  36],sambit
[218 218 218 ...  26  28  30],sambit
[218 218 218 ...  26  28  30],sambit
[216 218 216 ...  27  25  30],sambit
[216 218 216 ...  27  25  30],sambit
[218 215 216 ...  33  30  28],sambit
[218 215 216 ...  33  30  28],sambit
[204 204 204 ...  30  28  26],sambit
[204 204 204 ...  30  28  26],sambit
[204 204 204 ...  24  24  24],sambit
[204 204 204 ...  24  24  24],sambit
[204 202 202 ...  24  23  23],sambit
[204 202 202 ...  24  23  23],sambit
[202 202 202 ...  25  24  24],sambit
[202 202 202 ...  25  24  24],sambit
[204 204 204 ...  24  24  24],sambit
[204 204 204 ...  24  24  24],sambit
[204 202 202 ...  23  24  24],sambit
[204 202 202 ...  23  24  24],sambit
[202 202 202 ...  33  26  23],sambit
[202 202 202 ...  33  26  23],sambit
[225 226 228 ...  27  26  26],sambit
[225 226 228 ...  27  26  26],sambit
[202 202 202 ...  24  24  24],sambit
[202 202 202 ...  24  24  24],sambit
[202 202 202 ...  25  27  27],sambit
[202 202 202 ...  25  27  27],sambit
[202 202 202 ...  26  28  26],sambit
[202 202 202 ...  26  28  26],sambit
[202 202 202 ...  26  26  24],sambit
[202 202 202 ...  26  26  24],sambit
[202 201 201 ...  25  24  22],sambit
[202 201 201 ...  25  24  22],sambit
[202 202 200 ...  24  24  24],sambit
[202 202 200 ...  24  24  24],sambit
[202 200 202 ...  24  24  27],sambit
[202 200 202 ...  24  24  27],sambit
[202 202 202 ...  23  23  24],sambit
[202 202 202 ...  23  23  24],sambit
[202 202 202 ...  25  27  28],sambit
[202 202 202 ...  25  27  28],sambit
[201 200 202 ...  23  22  23],sambit
[201 200 202 ...  23  22  23],sambit
[228 228 228 ...  29  26  27],sambit
[228 228 228 ...  29  26  27],sambit
[202 202 202 ...  24  22  24],sambit
[202 202 202 ...  24  22  24],sambit
[205 203 202 ...  30  22  27],sambit
[205 203 202 ...  30  22  27],sambit
[201 203 200 ...  30  30  30],sambit
[201 203 200 ...  30  30  30],sambit
[202 203 206 ...  24  24  24],sambit
[202 203 206 ...  24  24  24],sambit
[202 201 201 ...  26  24  23],sambit
[202 201 201 ...  26  24  23],sambit
[202 202 202 ...  24  26  25],sambit
[202 202 202 ...  24  26  25],sambit
[202 202 202 ...  30  27  26],sambit
[202 202 202 ...  30  27  26],sambit
[202 202 202 ...  27  28  25],sambit
[202 202 202 ...  27  28  25],sambit
[203 201 200 ...  22  24  24],sambit
[203 201 200 ...  22  24  24],sambit
[203 203 203 ...  28  26  24],sambit
[203 203 203 ...  28  26  24],sambit
[228 228 228 ...  36  30  29],sambit
[228 228 228 ...  36  30  29],sambit
[202 203 203 ...  28  26  21],sambit
[202 203 203 ...  28  26  21],sambit
[204 202 198 ...  26  25  23],sambit
[204 202 198 ...  26  25  23],sambit
[202 202 202 ...  24  24  24],sambit
[202 202 202 ...  24  24  24],sambit
[202 202 201 ...  25  24  26],sambit
[202 202 201 ...  25  24  26],sambit
[202 203 204 ...  26  28  27],sambit
[202 203 204 ...  26  28  27],sambit
[201 201 201 ...  23  25  27],sambit
[201 201 201 ...  23  25  27],sambit
[200 200 200 ...  24  24  24],sambit
[200 200 200 ...  24  24  24],sambit
[202 202 201 ...  22  23  24],sambit
[202 202 201 ...  22  23  24],sambit
[201 200 200 ...  24  22  23],sambit
[201 200 200 ...  24  22  23],sambit
[200 202 201 ...  24  24  24],sambit
[200 202 201 ...  24  24  24],sambit
[231 232 233 ...  32  28  31],sambit
[231 232 233 ...  32  28  31],sambit
[202 202 199 ...  23  24  24],sambit
[202 202 199 ...  23  24  24],sambit
[202 201 202 ...  25  24  24],sambit
[202 201 202 ...  25  24  24],sambit
[202 201 200 ...  24  24  24],sambit
[202 201 200 ...  24  24  24],sambit
[200 200 200 ...  26  24  24],sambit
[200 200 200 ...  26  24  24],sambit
[200 200 200 ...  24  24  24],sambit
[200 200 200 ...  24  24  24],sambit
[200 198 198 ...  24  24  24],sambit
[200 198 198 ...  24  24  24],sambit
[200 200 200 ...  24  24  24],sambit
[200 200 200 ...  24  24  24],sambit
[202 201 201 ...  27  29  28],sambit
[202 201 201 ...  27  29  28],sambit
[200 200 201 ...  24  24  24],sambit
[200 200 201 ...  24  24  24],sambit
[201 201 201 ...  23  22  24],sambit
[201 201 201 ...  23  22  24],sambit
[223 225 229 ...  26  29  30],sambit
[223 225 229 ...  26  29  30],sambit
[201 201 199 ...  22  24  24],sambit
[201 201 199 ...  22  24  24],sambit
[200 200 200 ...  24  24  24],sambit
[200 200 200 ...  24  24  24],sambit
[200 201 200 ...  24  24  22],sambit
[200 201 200 ...  24  24  22],sambit
[202 202 202 ...  24  24  24],sambit
[202 202 202 ...  24  24  24],sambit
[200 200 200 ...  24  24  24],sambit
[200 200 200 ...  24  24  24],sambit
[200 200 200 ...  24  24  24],sambit
[200 200 200 ...  24  24  24],sambit
[200 200 200 ...  24  24  24],sambit
[200 200 200 ...  24  24  24],sambit
[202 200 198 ...  24  21  22],sambit
[202 200 198 ...  24  21  22],sambit
[200 200 200 ...  22  24  26],sambit
[200 200 200 ...  22  24  26],sambit
[198 200 202 ...  26  24  24],sambit
[198 200 202 ...  26  24  24],sambit
[212 214 213 ... 133 122 106],umasir
[212 214 213 ... 133 122 106],umasir
[210 210 210 ...  68  76  85],umasir
[210 210 210 ...  68  76  85],umasir
[211 211 210 ...  81  81  80],umasir
[211 211 210 ...  81  81  80],umasir
[209 209 208 ...  82  84  88],umasir
[209 209 208 ...  82  84  88],umasir
[208 209 212 ...  66  73  78],umasir
[208 209 212 ...  66  73  78],umasir
[209 210 210 ...  81  84  87],umasir
[209 210 210 ...  81  84  87],umasir
[209 207 206 ...  87  89  96],umasir
[209 207 206 ...  87  89  96],umasir
[211 212 211 ...  66  60  64],umasir
[211 212 211 ...  66  60  64],umasir
[206 208 208 ...  86  89  87],umasir
[206 208 208 ...  86  89  87],umasir
[210 210 210 ...  69  69  67],umasir
[210 210 210 ...  69  69  67],umasir
[210 210 210 ...  68  72  72],umasir
[210 210 210 ...  68  72  72],umasir
[210 209 208 ...  91  89  87],umasir
[210 209 208 ...  91  89  87],umasir
[210 210 210 ... 164 164 164],umasir
[210 210 210 ... 164 164 164],umasir
[213 212 208 ...  53  49  53],umasir
[213 212 208 ...  53  49  53],umasir
[213 211 208 ... 164 164 164],umasir
[213 211 208 ... 164 164 164],umasir
[210 210 210 ...  66  68  62],umasir
[210 210 210 ...  66  68  62],umasir
[209 210 210 ...  63  66  73],umasir
[209 210 210 ...  63  66  73],umasir
[212 212 212 ...  62  68  71],umasir
[212 212 212 ...  62  68  71],umasir
[212 212 211 ...  79  76  79],umasir
[212 212 211 ...  79  76  79],umasir
[209 213 214 ...  66  67  67],umasir
[209 213 214 ...  66  67  67],umasir
[211 211 212 ...  79  82  82],umasir
[211 211 212 ...  79  82  82],umasir
[210 210 212 ...  65  67  68],umasir
[210 210 212 ...  65  67  68],umasir
[209 210 209 ...  72  67  72],umasir
[209 210 209 ...  72  67  72],umasir
[210 210 212 ...  90  92  96],umasir
[210 210 212 ...  90  92  96],umasir
[206 205 207 ...  65  64  62],umasir
[206 205 207 ...  65  64  62],umasir
[212 212 210 ...  68  68  65],umasir
[212 212 210 ...  68  68  65],umasir
[212 212 212 ...  73  72  63],umasir
[212 212 212 ...  73  72  63],umasir
[210 214 215 ...  68  68  67],umasir
[210 214 215 ...  68  68  67],umasir
[205 206 206 ...  57  53  54],umasir
[205 206 206 ...  57  53  54],umasir
[212 210 209 ... 173 167 165],umasir
[212 210 209 ... 173 167 165],umasir
[214 212 210 ...  89 123 154],umasir
[214 212 210 ...  89 123 154],umasir
[210 213 210 ... 163 164 164],umasir
[210 213 210 ... 163 164 164],umasir
[211 214 212 ...  66  68  51],umasir
[211 214 212 ...  66  68  51],umasir
[208 208 208 ...  88  93  94],umasir
[208 208 208 ...  88  93  94],umasir
[205 204 207 ... 174 149 132],umasir
[205 204 207 ... 174 149 132],umasir
[213 212 212 ... 166 166 166],umasir
[213 212 212 ... 166 166 166],umasir
[210 211 213 ... 166 165 164],umasir
[210 211 213 ... 166 165 164],umasir
[210 208 208 ... 166 166 164],umasir
[210 208 208 ... 166 166 164],umasir
[208 208 209 ... 166 166 166],umasir
[208 208 209 ... 166 166 166],umasir
[204 207 210 ...  63  66  63],umasir
[204 207 210 ...  63  66  63],umasir
[206 211 208 ...  66  69  76],umasir
[206 211 208 ...  66  69  76],umasir
[208 209 210 ... 148 151 160],umasir
[208 209 210 ... 148 151 160],umasir
[208 206 210 ... 179 180 181],umasir
[208 206 210 ... 179 180 181],umasir
[212 212 212 ...  69  69  76],umasir
[212 212 212 ...  69  69  76],umasir
[207 208 208 ...  80  81  82],umasir
[207 208 208 ...  80  81  82],umasir
[212 211 212 ...  66  71  71],umasir
[212 211 212 ...  66  71  71],umasir
[210 209 208 ...  57  64  63],umasir
[210 209 208 ...  57  64  63],umasir
[206 208 208 ...  65  62  59],umasir
[206 208 208 ...  65  62  59],umasir
[206 206 204 ...  60  67  64],umasir
[206 206 204 ...  60  67  64],umasir
[210 208 209 ...  64  67  62],umasir
[210 208 209 ...  64  67  62],umasir
[211 211 209 ...  58  61  61],umasir
[211 211 209 ...  58  61  61],umasir
[208 208 207 ...  64  76  67],umasir
[208 208 207 ...  64  76  67],umasir
[210 211 210 ...  65  70  67],umasir
[210 211 210 ...  65  70  67],umasir
[207 206 205 ...  64  61  66],umasir
[207 206 205 ...  64  61  66],umasir
[210 209 208 ...  84  78  83],umasir
[210 209 208 ...  84  78  83],umasir
[207 207 208 ... 154 158 167],umasir
[207 207 208 ... 154 158 167],umasir
[204 207 207 ... 133 137 143],umasir
[204 207 207 ... 133 137 143],umasir
[210 208 208 ... 185 186 190],umasir
[210 208 208 ... 185 186 190],umasir
[210 209 209 ... 172 162 154],umasir
[210 209 209 ... 172 162 154],umasir
[210 210 207 ...  68  68  68],umasir
[210 210 207 ...  68  68  68],umasir
[210 212 211 ...  70  66  67],umasir
[210 212 211 ...  70  66  67],umasir
[212 212 212 ... 122  96  85],umasir
[212 212 212 ... 122  96  85],umasir
[211 209 208 ...  65  66  67],umasir
[211 209 208 ...  65  66  67],umasir
[210 209 210 ...  60  68  68],umasir
[210 209 210 ...  60  68  68],umasir
[210 208 208 ...  64  66  66],umasir
[210 208 208 ...  64  66  66],umasir
[210 210 209 ...  66  67  70],umasir
[210 210 209 ...  66  67  70],umasir
[205 203 207 ...  65  66  69],umasir
[205 203 207 ...  65  66  69],umasir
[209 211 214 ...  61  63  64],umasir
[209 211 214 ...  61  63  64],umasir
[210 208 210 ...  68  63  64],umasir
[210 208 210 ...  68  63  64],umasir
[209 208 209 ... 194 192 189],umasir
[209 208 209 ... 194 192 189],umasir
[211 210 210 ...  63  62  67],umasir
[211 210 210 ...  63  62  67],umasir
[210 210 210 ... 191 193 191],umasir
[210 210 210 ... 191 193 191],umasir
[211 208 207 ...  63  65  64],umasir
[211 208 207 ...  63  65  64],umasir
[208 208 208 ...  61  63  64],umasir
[208 208 208 ...  61  63  64],umasir
[206 207 207 ...  60  62  73],umasir
[206 207 207 ...  60  62  73],umasir
[208 209 213 ...  75  77  81],umasir
[208 209 213 ...  75  77  81],umasir
[212 211 210 ...  64  70  67],umasir
[212 211 210 ...  64  70  67],umasir
[212 212 212 ... 168 163 165],umasir
[212 212 212 ... 168 163 165],umasir
[212 211 212 ...  61  63  64],umasir
[212 211 212 ...  61  63  64],umasir
[213 212 212 ...  75  78  81],umasir
[213 212 212 ...  75  78  81],umasir
[212 210 211 ...  80  83  87],umasir
[212 210 211 ...  80  83  87],umasir
[211 212 211 ... 164 168 171],umasir
[211 212 211 ... 164 168 171],umasir
[210 209 207 ... 166 165 164],umasir
[210 209 207 ... 166 165 164],umasir
[210 210 208 ... 166 166 166],umasir
[210 210 208 ... 166 166 166],umasir
[212 212 211 ... 162 164 167],umasir
[212 212 211 ... 162 164 167],umasir
[214 216 214 ... 166 166 166],umasir
[214 216 214 ... 166 166 166],umasir
[210 210 210 ...  62  64  67],umasir
[210 210 210 ...  62  64  67],umasir
[212 214 216 ...  84  77  76],umasir
[212 214 216 ...  84  77  76],umasir
[213 214 216 ... 166 166 168],umasir
[213 214 216 ... 166 166 168],umasir
[214 216 213 ... 168 168 168],umasir
[214 216 213 ... 168 168 168],umasir
[215 211 210 ... 164 165 167],umasir
[215 211 210 ... 164 165 167],umasir
[216 213 217 ... 168 168 168],umasir
[216 213 217 ... 168 168 168],umasir
[215 213 213 ... 166 164 165],umasir
[215 213 213 ... 166 164 165],umasir
[215 213 213 ... 166 166 167],umasir
[215 213 213 ... 166 166 167],umasir
[213 217 218 ... 166 164 166],umasir
[213 217 218 ... 166 164 166],umasir
[216 216 216 ... 166 166 164],umasir
[216 216 216 ... 166 166 164],umasir
[213 214 216 ... 166 164 166],umasir
[213 214 216 ... 166 164 166],umasir
